feature_set,windows,accuracy_mean,accuracy_std,top1_accuracy_mean,top1_accuracy_std,log_loss_mean,log_loss_std,brier_score_mean,brier_score_std,ranked_probability_score_mean,ranked_probability_score_std
full_minus_elo,6,0.5520833333333334,0.06604528118394733,0.5520833333333334,0.06604528118394733,0.9712976793928751,0.053135334252496884,0.5746023514713147,0.036497855220920666,0.1994609390938806,0.015915168584797305
full_features,6,0.5598958333333334,0.05712570659665111,0.5598958333333334,0.05712570659665111,0.9726536683647642,0.06557081611608172,0.5728082912022899,0.04017918737212706,0.19899813604279526,0.018840854953449764
full_minus_fifa,6,0.5572916666666666,0.05291010458000124,0.5572916666666666,0.05291010458000124,0.974031437199629,0.06652669931220809,0.5735856208912101,0.04049509860356672,0.19955321287077973,0.019284496130354496
full_minus_form,6,0.546875,0.05412658773652742,0.546875,0.05412658773652742,0.9856448053409229,0.06190546059261631,0.5821161554259722,0.038303707373924925,0.20336384745279387,0.01815061323319541
full_minus_context,6,0.5260416666666666,0.07504339022636616,0.5260416666666666,0.07504339022636616,0.9982543753978023,0.06894013901458744,0.5913847037998244,0.044817752812159536,0.20797526515169232,0.021308695120276035
elo_only,6,0.5260416666666666,0.07504339022636615,0.5260416666666666,0.07504339022636615,1.0115370573524822,0.06649001235930081,0.5989900374109697,0.04363447223007323,0.21169052441529268,0.02125950939500887
form_only,6,0.515625,0.05762215285808054,0.515625,0.05762215285808054,1.0130613764765228,0.052758741963028204,0.6063846983137057,0.03872753415689363,0.21494790624787696,0.018612029484869078
fifa_only,6,0.4947916666666667,0.0689391337823929,0.4947916666666667,0.0689391337823929,1.0139440992405369,0.05310320543253887,0.6061282183049026,0.039126268952509494,0.21472494800933517,0.015808000514855168
context_only,6,0.4348958333333333,0.049820641848200495,0.4348958333333333,0.049820641848200495,1.0685455488448528,0.022344769613472332,0.6472749412752974,0.016502015656825502,0.23524522676033288,0.008521444623208543
