model,windows,accuracy_mean,accuracy_std,top1_accuracy_mean,top1_accuracy_std,log_loss_mean,log_loss_std,brier_score_mean,brier_score_std,ranked_probability_score_mean,ranked_probability_score_std
full_primary_model,6,0.5598958333333334,0.05712570659665111,0.5598958333333334,0.05712570659665111,0.9726536683647642,0.06557081611608172,0.5728082912022899,0.04017918737212706,0.19899813604279526,0.018840854953449764
elo_poisson,6,0.5598958333333334,0.04003985644538035,0.5598958333333334,0.04003985644538035,0.9852548465366414,0.0685361834969041,0.5807052367643106,0.04190828286614013,0.20265643080592033,0.01961216942716535
elo_probability,6,0.5598958333333334,0.04003985644538035,0.5598958333333334,0.04003985644538035,0.9920672390790924,0.04670101119453618,0.5884602902854759,0.03008711039362014,0.20584681180940465,0.013243950268299548
elo_logistic,6,0.5260416666666666,0.07504339022636615,0.5260416666666666,0.07504339022636615,1.0115370573524822,0.06649001235930081,0.5989900374109697,0.04363447223007323,0.21169052441529268,0.02125950939500887
fifa_logistic,6,0.4947916666666667,0.0689391337823929,0.4947916666666667,0.0689391337823929,1.0139440992405369,0.05310320543253887,0.6061282183049026,0.039126268952509494,0.21472494800933517,0.015808000514855168
random_uniform,6,0.3359375,0.053900588470813554,0.3359375,0.053900588470813554,1.0986122886681098,0.0,0.6666666666666669,0.0,0.23958333333333337,0.0035579690159581964
