samples,bins,non_empty_bins,expected_calibration_error,maximum_calibration_error,mean_confidence,top1_accuracy,confidence_minus_accuracy,mean_entropy
384.0,10.0,6.0,0.031249444647378173,0.3412415544807018,0.5491546008090332,0.5598958333333334,-0.010741232524300148,0.9683931695585315
