year,samples,log_loss,brier_score,ranked_probability_score,accuracy,top1_accuracy,expected_calibration_error,maximum_calibration_error,mean_confidence,confidence_minus_accuracy
2002,64,1.0303850405162578,0.6123597245919421,0.21376281655283172,0.5,0.5,0.16374988546017488,0.4114840156289234,0.5300706671412965,0.03007066714129647
2006,64,0.883174907549471,0.5108097894131796,0.16759738444417838,0.640625,0.640625,0.07582766363970007,0.11438448472434148,0.5647973363602999,-0.07582766363970006
2010,64,0.9841652140100168,0.5820069529468945,0.19690862790531088,0.546875,0.546875,0.08009437501147969,0.32224052443991213,0.5454913183393468,-0.0013836816606531688
2014,64,0.9247291636048061,0.5482413898170508,0.1919608126214486,0.609375,0.609375,0.11184922464782635,0.23327207642554582,0.5395561274623826,-0.06981887253761743
2018,64,0.9547180234755639,0.566595965662048,0.2022484465779049,0.5625,0.5625,0.054535401990267275,0.1860495085684093,0.5405294430806277,-0.02197055691937233
2022,64,1.0587269030977828,0.6168197902866088,0.2215002967655348,0.5,0.5,0.12566958660781777,0.503803525604996,0.5745046174494521,0.07450461744945214
