year,selected_model,inner_windows,inner_log_loss_mean,train_matches,test_matches,log_loss,brier_score,ranked_probability_score,accuracy,top1_accuracy
2006,logistic_plain_c2,1,1.0303721813051605,30037,64,0.883361046205047,0.5109081169153495,0.16764072519631917,0.640625,0.640625
2010,logistic_plain_c0_5,2,0.9567875729963646,33864,64,0.9841704619277907,0.5820189315110827,0.19691618643962144,0.546875,0.546875
2014,logistic_plain_c0_5,3,0.9659152026401733,37861,64,0.924697341987538,0.5482162356724898,0.19194851743622057,0.609375,0.609375
2018,logistic_plain_c0_5,4,0.9556107374770144,41639,64,0.9547545251101885,0.566612490239628,0.202255160857198,0.5625,0.5625
2022,logistic_plain_c0_5,5,0.9554394950036492,45700,64,1.058724535170339,0.6168211369601975,0.22150428424900498,0.5,0.5
