model,windows,accuracy_mean,accuracy_std,log_loss_mean,log_loss_std,brier_score_mean,brier_score_std,top1_accuracy_mean,ranked_probability_score_mean,ranked_probability_score_std
logistic_plain_c0_5,6,0.5598958333333334,0.05712570659665111,0.9726536683647642,0.06557081611608172,0.5728082912022899,0.04017918737212706,0.5598958333333334,0.19899813604279526,0.018840854953449764
logistic_plain,6,0.5625,0.05676844413932796,0.9727469415264967,0.06558231765960487,0.5728495288232498,0.04014919180950795,0.5625,0.19901803733114187,0.01882750482519255
logistic_plain_c2,6,0.5625,0.05676844413932796,0.972802993530189,0.06559791707666883,0.5728735142130198,0.04013590509398577,0.5625,0.19902924710568937,0.018821273761344393
logistic_balanced_c0_5,6,0.5338541666666666,0.02691252225575794,1.0087560229650814,0.057233867202970024,0.5970911083262156,0.027835947756635056,0.5338541666666666,0.2071515891523624,0.013663049064423737
logistic_balanced_c2,6,0.5338541666666666,0.02691252225575794,1.0089367544793906,0.05731491010079608,0.59718462486086,0.027818632192463142,0.5338541666666666,0.20719149508287468,0.013654723808109873
